proposition_id,blind_item_id,atomic_proposition,coder01_label,coder01_rationale,coder01_confidence,coder01_completed_at,coder02_label,coder02_rationale,coder02_confidence,coder02_completed_at,initial_agreement,final_label,final_label_basis
SF-001-P01,SF-001,Sharp braking noise was one of the participant's strongest triggers.,supported,The participant explicitly names sharp braking noise as one of the strongest triggers.,3,2026-08-09T18:48:15+0800,supported,Trigger list includes sharp braking noise at the stated strength.,3,2026-08-09T20:12:26+0800,AGREE,supported,independent agreement
SF-001-P02,SF-001,Flashing carriage lights were one of the participant's strongest triggers.,supported,Flashing carriage lights are explicitly included in the participant's list of strongest triggers.,3,2026-08-09T18:49:29+0800,supported,Trigger list includes flashing carriage lights at the stated strength.,3,2026-08-09T20:13:21+0800,AGREE,supported,independent agreement
SF-001-P03,SF-001,Crowding was one of the participant's strongest triggers.,supported,Crowding is directly listed alongside the other strongest triggers.,3,2026-08-09T18:50:54+0800,supported,Trigger list includes crowding at the stated strength.,3,2026-08-09T20:14:23+0800,AGREE,supported,independent agreement
SF-001-P04,SF-001,The participant's shoulders tightened.,supported,The source directly states that the participant's shoulders tightened.,3,2026-08-09T18:52:01+0800,supported,Explicit evidence: “My shoulders tightened.”,3,2026-08-09T20:15:32+0800,AGREE,supported,independent agreement
SF-001-P05,SF-001,The participant's heart raced.,supported,The participant directly reports that their heart raced.,3,2026-08-09T18:53:19+0800,supported,Explicit evidence: “my heart raced.”,3,2026-08-09T20:16:24+0800,AGREE,supported,independent agreement
SF-001-P06,SF-001,The participant felt panicked.,supported,The source explicitly says that the participant felt panicked.,3,2026-08-09T18:54:48+0800,supported,Explicit evidence: “I felt panicked.”,3,2026-08-09T20:17:23+0800,AGREE,supported,independent agreement
SF-002-P01,SF-002,The participant covered their ears.,supported,The participant directly states that they covered their ears.,3,2026-08-09T18:55:59+0800,supported,Explicit evidence: “I covered my ears.”,3,2026-08-09T20:18:29+0800,AGREE,supported,independent agreement
SF-002-P02,SF-002,The participant focused on slow breathing.,supported,The source directly reports that the participant focused on slow breathing.,3,2026-08-09T18:57:21+0800,supported,Explicit evidence: “focused on slow breathing.”,3,2026-08-09T20:19:18+0800,AGREE,supported,independent agreement
SF-002-P03,SF-002,The participant left at the next stop.,supported,The participant explicitly says they left at the next stop.,3,2026-08-09T18:58:25+0800,supported,Explicit evidence: “left at the next stop.”,3,2026-08-09T20:20:14+0800,AGREE,supported,independent agreement
SF-002-P04,SF-002,A quieter carriage would have helped the participant.,supported,The participant states that a quieter carriage would have helped.,3,2026-08-09T18:59:40+0800,supported,The helpful-change statement includes a quieter carriage.,3,2026-08-09T20:21:17+0800,AGREE,supported,independent agreement
SF-002-P05,SF-002,A warning before the alarm would have helped the participant.,supported,The source says that a warning before the alarm would have helped.,3,2026-08-09T19:01:06+0800,supported,The helpful-change statement includes advance warning before the alarm.,3,2026-08-09T20:22:27+0800,AGREE,supported,independent agreement
SF-002-P06,SF-002,The repeated announcements did not help because they added more noise.,supported,The source explicitly links the announcements not helping to their adding more noise.,3,2026-08-09T19:02:14+0800,supported,Both outcome and cause match: announcements did not help because they added noise.,3,2026-08-09T20:23:20+0800,AGREE,supported,independent agreement
SF-003-P01,SF-003,The squeeze interaction seemed useful because it would give the participant's hands a focus.,supported,The source states that the squeeze interaction seemed useful because it would give the participant's hands a focus.,3,2026-08-09T19:03:43+0800,supported,Both parts match the source: useful squeeze interaction and hands having a focus.,3,2026-08-09T20:24:24+0800,AGREE,supported,independent agreement
SF-003-P02,SF-003,Gentle haptics might help the participant pace their breathing.,supported,The participant directly says gentle haptics might help them pace their breathing.,3,2026-08-09T19:05:25+0800,supported,The source retains the same cautious claim about haptics helping breathing pace.,3,2026-08-09T20:25:45+0800,AGREE,supported,independent agreement
SF-003-P03,SF-003,The participant would avoid scent because it could be another trigger.,supported,The source says the participant would avoid scent because it could be another trigger.,3,2026-08-09T19:07:20+0800,supported,Avoiding scent and the trigger reason are both present in the source.,3,2026-08-09T20:26:54+0800,AGREE,supported,independent agreement
SF-003-P04,SF-003,The participant wanted every feature to be optional.,supported,The participant explicitly says they would want every feature to be optional.,3,2026-08-09T19:08:57+0800,supported,The source sets optionality as the participant's preference for every feature.,3,2026-08-09T20:28:20+0800,AGREE,supported,independent agreement
SF-004-P01,SF-004,The participant covered their ears.,supported,The source directly reports that the participant covered their ears.,3,2026-08-09T19:10:02+0800,supported,Exact behaviour is present in the source: covering the ears.,3,2026-08-09T20:29:24+0800,AGREE,supported,independent agreement
SF-004-P02,SF-004,The participant focused on slow breathing.,supported,The participant explicitly reports focusing on slow breathing.,3,2026-08-09T19:11:18+0800,supported,The source includes focusing on slow breathing.,3,2026-08-09T20:30:35+0800,AGREE,supported,independent agreement
SF-004-P03,SF-004,The participant left at the next stop.,supported,The source states that the participant left at the next stop.,3,2026-08-09T19:12:45+0800,supported,The source includes leaving at the next stop.,3,2026-08-09T20:31:29+0800,AGREE,supported,independent agreement
SF-004-P04,SF-004,A quieter carriage would have helped the participant.,supported,A quieter carriage is directly identified by the participant as something that would have helped.,3,2026-08-09T19:13:54+0800,supported,Quieter carriage appears in the source as a helpful change.,3,2026-08-09T20:32:30+0800,AGREE,supported,independent agreement
SF-004-P05,SF-004,A warning before the alarm would have helped the participant.,supported,The participant directly identifies a warning before the alarm as something that would have helped.,3,2026-08-09T19:15:14+0800,supported,Warning before the alarm appears in the source as a helpful change.,3,2026-08-09T20:33:38+0800,AGREE,supported,independent agreement
SF-004-P06,SF-004,The repeated announcements did not help because they added more noise.,supported,The participant explicitly says the repeated announcements did not help because they added more noise.,3,2026-08-09T19:16:45+0800,supported,The source gives the same negative outcome and reason: more noise from repeated announcements.,3,2026-08-09T20:34:29+0800,AGREE,supported,independent agreement
SF-005-P01,SF-005,Sharp braking noise was one of the participant's strongest triggers.,supported,Sharp braking noise is directly included in the source as one of the strongest triggers.,3,2026-08-09T19:17:58+0800,supported,The trigger list explicitly contains sharp braking noise.,3,2026-08-09T20:35:27+0800,AGREE,supported,independent agreement
SF-005-P02,SF-005,Flashing carriage lights were one of the participant's strongest triggers.,supported,The participant directly identifies flashing carriage lights as one of the strongest triggers.,3,2026-08-09T19:19:22+0800,supported,The trigger list explicitly contains flashing carriage lights.,3,2026-08-09T20:36:32+0800,AGREE,supported,independent agreement
SF-005-P03,SF-005,Crowding was one of the participant's strongest triggers.,supported,The source explicitly includes crowding among the strongest triggers.,3,2026-08-09T19:20:28+0800,supported,The trigger list explicitly contains crowding.,3,2026-08-09T20:37:20+0800,AGREE,supported,independent agreement
SF-005-P04,SF-005,The participant's shoulders tightened.,supported,The participant states that their shoulders tightened.,3,2026-08-09T19:21:45+0800,supported,The bodily response “shoulders tightened” is stated.,3,2026-08-09T20:38:15+0800,AGREE,supported,independent agreement
SF-005-P05,SF-005,The participant's heart raced.,supported,The source directly states that the participant's heart raced.,3,2026-08-09T19:23:13+0800,supported,The bodily response “heart raced” is stated.,3,2026-08-09T20:39:17+0800,AGREE,supported,independent agreement
SF-005-P06,SF-005,The participant felt panicked.,supported,The participant directly reports feeling panicked.,3,2026-08-09T19:24:23+0800,supported,The emotional response “felt panicked” is stated.,3,2026-08-09T20:40:26+0800,AGREE,supported,independent agreement
SF-006-P01,SF-006,The squeeze interaction seemed useful because it would give the participant's hands a focus.,supported,The participant says the squeeze interaction seemed useful because it would give their hands a focus.,3,2026-08-09T19:26:14+0800,supported,Source wording preserves both the usefulness judgement and the hands-focus reason.,3,2026-08-09T20:41:41+0800,AGREE,supported,independent agreement
SF-006-P02,SF-006,Gentle haptics might help the participant pace their breathing.,supported,The source directly supports the modal claim that gentle haptics might help pace the participant's breathing.,3,2026-08-09T19:27:47+0800,supported,Source wording supports the same tentative benefit for breathing pace.,3,2026-08-09T20:42:44+0800,AGREE,supported,independent agreement
SF-006-P03,SF-006,The participant would avoid scent because it could be another trigger.,supported,The participant explicitly says they would avoid scent because it could be another trigger.,3,2026-08-09T19:29:33+0800,supported,Source wording preserves both scent avoidance and the possible-trigger reason.,3,2026-08-09T20:44:04+0800,AGREE,supported,independent agreement
SF-006-P04,SF-006,The participant wanted every feature to be optional.,supported,The source directly states the participant's preference for every feature to be optional.,3,2026-08-09T19:31:01+0800,supported,Every feature being optional is directly required by the participant.,3,2026-08-09T20:45:12+0800,AGREE,supported,independent agreement
SF-007-P01,SF-007,"The participant might use the referenced item (""it"") while commuting if it looked discreet and made no sound.",supported,The source directly gives this conditional use statement: the participant might use it while commuting if it were discreet and silent.,3,2026-08-09T19:32:42+0800,supported,The commuting-use condition matches: discreet appearance plus no sound.,3,2026-08-09T20:46:37+0800,AGREE,supported,independent agreement
SF-007-P02,SF-007,Obvious lights would embarrass the participant.,supported,The participant explicitly says obvious lights would be embarrassing.,3,2026-08-09T19:34:36+0800,supported,The source ties obvious lights directly to embarrassment.,3,2026-08-09T20:47:50+0800,AGREE,supported,independent agreement
SF-007-P03,SF-007,Scent would be a concern for people nearby in a shared space.,supported,The source directly states that scent would concern the participant because of people nearby in a shared space.,3,2026-08-09T19:36:12+0800,supported,The source ties scent directly to concern about nearby people in shared space.,3,2026-08-09T20:49:20+0800,AGREE,supported,independent agreement
SF-008-P01,SF-008,The described experience occurred on a crowded train.,supported,The participant source explicitly begins with the experience occurring on a crowded train.,3,2026-08-09T19:37:47+0800,supported,Location/context matches the source: the event is on a crowded train.,3,2026-08-09T20:50:34+0800,AGREE,supported,independent agreement
SF-008-P02,SF-008,The participant described the experience as sensory overload.,unsupported,The source describes feeling trapped and overwhelmed but does not state or clearly establish the category 'sensory overload'. I would not treat that interpretive label as source-supported.,3,2026-08-09T19:40:45+0800,supported,"The source does not use the term 'sensory overload', but it describes alarms, noise and crowding together with feeling trapped and overwhelmed. I read the proposition as a concise description of that experience rather than as a separate factual claim.",2,2026-08-09T20:53:05+0800,DISAGREE,unsupported,joint resolution 2026-08-10
SF-008-P03,SF-008,Alarms made the participant feel trapped.,unsupported,The alarms are only reported as sounding; the causal clause attributes feeling trapped to noise and crowding.,3,2026-08-09T19:43:19+0800,unsupported,Alarm sounding is only concurrent context. The causal wording names noise and crowding instead.,3,2026-08-09T20:55:13+0800,AGREE,unsupported,independent agreement
SF-008-P04,SF-008,Noise made the participant feel trapped.,supported,The source explicitly identifies noise as part of what made the participant feel trapped.,2,2026-08-09T19:45:25+0800,supported,Noise appears inside the source's causal statement for feeling trapped.,3,2026-08-09T20:57:04+0800,AGREE,supported,independent agreement
SF-008-P05,SF-008,Crowding made the participant feel trapped.,supported,Crowding is explicitly identified in the causal phrase describing what made the participant feel trapped.,2,2026-08-09T19:47:26+0800,supported,Crowding appears inside the source's causal statement for feeling trapped.,3,2026-08-09T20:58:50+0800,AGREE,supported,independent agreement
SF-008-P06,SF-008,Alarms made the participant feel overwhelmed.,unsupported,"The source says alarms sounded, but it does not attribute the participant's feeling overwhelmed to the alarms.",3,2026-08-09T19:50:06+0800,unsupported,"Alarm sounding is concurrent context, not a stated cause of feeling overwhelmed.",3,2026-08-09T21:01:07+0800,AGREE,unsupported,independent agreement
SF-008-P07,SF-008,Noise made the participant feel overwhelmed.,supported,Noise is explicitly named as part of what made the participant feel overwhelmed.,2,2026-08-09T19:52:04+0800,supported,Noise appears inside the source's causal statement for feeling overwhelmed.,3,2026-08-09T21:02:49+0800,AGREE,supported,independent agreement
SF-008-P08,SF-008,Crowding made the participant feel overwhelmed.,supported,Crowding is explicitly named as part of what made the participant feel overwhelmed.,2,2026-08-09T19:53:59+0800,supported,Crowding appears inside the source's causal statement for feeling overwhelmed.,3,2026-08-09T21:04:27+0800,AGREE,supported,independent agreement
SF-009-P01,SF-009,"The participant might use the referenced item (""it"") while commuting if it looked discreet and made no sound.",supported,The participant directly says they might use it while commuting if it looked discreet and made no sound.,3,2026-08-09T19:55:28+0800,supported,Conditional commuting use is supported by the same two constraints: discreet and silent.,3,2026-08-09T21:05:36+0800,AGREE,supported,independent agreement
SF-009-P02,SF-009,Obvious lights would embarrass the participant.,supported,The source explicitly states that obvious lights would embarrass the participant.,3,2026-08-09T19:57:10+0800,supported,Obvious lights are directly linked to embarrassment in the source.,3,2026-08-09T21:07:02+0800,AGREE,supported,independent agreement
SF-009-P03,SF-009,Scent would be a concern for people nearby in a shared space.,supported,The participant directly says scent would be a concern for people nearby in a shared space.,3,2026-08-09T19:59:05+0800,supported,Scent is directly linked to concern for nearby people in the shared-space context.,3,2026-08-09T21:08:16+0800,AGREE,supported,independent agreement
